Firstname,Lastname,Phone,Email
Liam,Evans,0412 345 801,liam.evans@gmail.com
Olivia,Mitchell,+61412345802,olivia.mitchell@yahoo.com
Noah,Turner,0412-345-803,noah.turner@outlook.com
Emma,Hughes,+61412345804,emma.hughes@gmail.com
James,Bell,0412 345 805,james.bell@yahoo.com
Charlotte,Carter,+61412345806,charlotte.carter@outlook.com
Lucas,Reed,0412-345-807,lucas.reed@gmail.com
Amelia,Watson,+61412345808,amelia.watson@yahoo.com
Ethan,Bailey,0412 345 809,ethan.bailey@outlook.com
Mia,Cooper,+61412345810,mia.cooper@gmail.com
Alexander,King,0412-345-811,alexander.king@yahoo.com
Harper,Scott,+61412345812,harper.scott@outlook.com
Benjamin,Adams,0412 345 813,benjamin.adams@gmail.com
Evelyn,Campbell,+61412345814,evelyn.campbell@yahoo.com
William,Moore,0412-345-815,william.moore@outlook.com
Sofia,Walker,+61412345816,sofia.walker@gmail.com
Henry,Hall,0412 345 817,henry.hall@yahoo.com
Ava,Wright,+61412345818,ava.wright@outlook.com
Daniel,Young,0412-345-819,daniel.young@gmail.com
Isabella,Harris,+61412345820,isabella.harris@yahoo.com
Michael,Allen,0412 345 821,michael.allen@outlook.com
Grace,Martin,+61412345822,grace.martin@gmail.com
Matthew,Lee,0412-345-823,matthew.lee@yahoo.com
Chloe,Clark,+61412345824,chloe.clark@outlook.com
Joseph,Robinson,0412 345 825,joseph.robinson@gmail.com
Lily,Walker,+61412345826,lily.walker@yahoo.com
Samuel,Evans,0412-345-827,samuel.evans@outlook.com
Ella,Mitchell,+61412345828,ella.mitchell@gmail.com
David,Turner,0412 345 829,david.turner@yahoo.com
Victoria,Hughes,+61412345830,victoria.hughes@outlook.com
Owen,Bell,0412-345-831,owen.bell@gmail.com
Zoe,Carter,+61412345832,zoe.carter@yahoo.com
Nathan,Reed,0412 345 833,nathan.reed@outlook.com
Hannah,Watson,+61412345834,hannah.watson@gmail.com
Ryan,Bailey,0412-345-835,ryan.bailey@yahoo.com
Samantha,Cooper,+61412345836,samantha.cooper@outlook.com
Jack,King,0412 345 837,jack.king@gmail.com
Emily,Scott,+61412345838,emily.scott@yahoo.com
Connor,Adams,0412-345-839,connor.adams@outlook.com
Abigail,Campbell,+61412345840,abigail.campbell@gmail.com
Luke,Moore,0412 345 841,luke.moore@yahoo.com
Madison,Walker,+61412345842,madison.walker@outlook.com
Lachlan,Hall,0412-345-843,lachlan.hall@gmail.com
Ella,Wright,+61412345844,ella.wright@yahoo.com
Isaac,Young,0412 345 845,isaac.young@outlook.com
Scarlett,Harris,+61412345846,scarlett.harris@gmail.com
Thomas,Allen,0412-345-847,thomas.allen@yahoo.com
Aria,Martin,+61412345848,aria.martin@outlook.com
Leo,Lee,0412 345 849,leo.lee@gmail.com
Maya,Clark,+61412345850,maya.clark@yahoo.com
Jackson,Robinson,0412-345-851,jackson.robinson@outlook.com
Ella,Walker,+61412345852,ella.walker@gmail.com
Eli,Evans,0412 345 853,eli.evans@yahoo.com
